ID_Evento,Nombre_Evento
100,Evento_100
101,Evento_101
102,Evento_102
103,Evento_103
104,Evento_104
105,Evento_105
106,Evento_106
107,Evento_107
108,Evento_108
109,Evento_109
110,Evento_110
111,Evento_111
112,Evento_112
113,Evento_113
114,Evento_114
115,Evento_115
116,Evento_116
117,Evento_117
118,Evento_118
119,Evento_119
120,Evento_120
121,Evento_121
122,Evento_122
123,Evento_123
124,Evento_124
125,Evento_125
126,Evento_126
127,Evento_127
128,Evento_128
129,Evento_129
130,Evento_130
131,Evento_131
132,Evento_132
133,Evento_133
134,Evento_134
135,Evento_135
136,Evento_136
137,Evento_137
138,Evento_138
139,Evento_139
140,Evento_140
141,Evento_141
142,Evento_142
143,Evento_143
144,Evento_144
145,Evento_145
146,Evento_146
147,Evento_147
148,Evento_148
149,Evento_149
150,Evento_150
151,Evento_151
152,Evento_152
153,Evento_153
154,Evento_154
155,Evento_155
156,Evento_156
157,Evento_157
158,Evento_158
159,Evento_159
160,Evento_160
161,Evento_161
162,Evento_162
163,Evento_163
164,Evento_164
165,Evento_165
166,Evento_166
167,Evento_167
168,Evento_168
169,Evento_169
170,Evento_170
171,Evento_171
172,Evento_172
173,Evento_173
174,Evento_174
175,Evento_175
176,Evento_176
177,Evento_177
178,Evento_178
179,Evento_179
180,Evento_180
181,Evento_181
182,Evento_182
183,Evento_183
184,Evento_184
185,Evento_185
186,Evento_186
187,Evento_187
188,Evento_188
189,Evento_189
190,Evento_190
191,Evento_191
192,Evento_192
193,Evento_193
194,Evento_194
195,Evento_195
196,Evento_196
197,Evento_197
198,Evento_198
199,Evento_199
200,Evento_200
201,Evento_201
202,Evento_202
203,Evento_203
204,Evento_204
205,Evento_205
206,Evento_206
207,Evento_207
208,Evento_208
209,Evento_209
210,Evento_210
211,Evento_211
212,Evento_212
213,Evento_213
214,Evento_214
215,Evento_215
216,Evento_216
217,Evento_217
218,Evento_218
219,Evento_219
220,Evento_220
221,Evento_221
222,Evento_222
223,Evento_223
224,Evento_224
225,Evento_225
226,Evento_226
227,Evento_227
228,Evento_228
229,Evento_229
230,Evento_230
231,Evento_231
232,Evento_232
233,Evento_233
234,Evento_234
235,Evento_235
236,Evento_236
237,Evento_237
238,Evento_238
239,Evento_239
240,Evento_240
241,Evento_241
242,Evento_242
243,Evento_243
244,Evento_244
245,Evento_245
246,Evento_246
247,Evento_247
248,Evento_248
249,Evento_249
250,Evento_250
251,Evento_251
252,Evento_252
253,Evento_253
254,Evento_254
255,Evento_255
256,Evento_256
257,Evento_257
258,Evento_258
259,Evento_259
260,Evento_260
261,Evento_261
262,Evento_262
263,Evento_263
264,Evento_264
265,Evento_265
266,Evento_266
267,Evento_267
268,Evento_268
269,Evento_269
270,Evento_270
271,Evento_271
272,Evento_272
273,Evento_273
274,Evento_274
275,Evento_275
276,Evento_276
277,Evento_277
278,Evento_278
279,Evento_279
280,Evento_280
281,Evento_281
282,Evento_282
283,Evento_283
284,Evento_284
285,Evento_285
286,Evento_286
287,Evento_287
288,Evento_288
289,Evento_289
290,Evento_290
291,Evento_291
292,Evento_292
293,Evento_293
294,Evento_294
295,Evento_295
296,Evento_296
297,Evento_297
298,Evento_298
299,Evento_299
300,Evento_300
301,Evento_301
302,Evento_302
303,Evento_303
304,Evento_304
305,Evento_305
306,Evento_306
307,Evento_307
308,Evento_308
309,Evento_309
310,Evento_310
311,Evento_311
312,Evento_312
313,Evento_313
314,Evento_314
315,Evento_315
316,Evento_316
317,Evento_317
318,Evento_318
319,Evento_319
320,Evento_320
321,Evento_321
322,Evento_322
323,Evento_323
324,Evento_324
325,Evento_325
326,Evento_326
327,Evento_327
328,Evento_328
329,Evento_329
330,Evento_330
331,Evento_331
332,Evento_332
333,Evento_333
334,Evento_334
335,Evento_335
336,Evento_336
337,Evento_337
338,Evento_338
339,Evento_339
340,Evento_340
341,Evento_341
342,Evento_342
343,Evento_343
344,Evento_344
345,Evento_345
346,Evento_346
347,Evento_347
348,Evento_348
349,Evento_349
350,Evento_350
351,Evento_351
352,Evento_352
353,Evento_353
354,Evento_354
355,Evento_355
356,Evento_356
357,Evento_357
358,Evento_358
359,Evento_359
360,Evento_360
361,Evento_361
362,Evento_362
363,Evento_363
364,Evento_364
365,Evento_365
366,Evento_366
367,Evento_367
368,Evento_368
369,Evento_369
370,Evento_370
371,Evento_371
372,Evento_372
373,Evento_373
374,Evento_374
375,Evento_375
376,Evento_376
377,Evento_377
378,Evento_378
379,Evento_379
380,Evento_380
381,Evento_381
382,Evento_382
383,Evento_383
384,Evento_384
385,Evento_385
386,Evento_386
387,Evento_387
388,Evento_388
389,Evento_389
390,Evento_390
391,Evento_391
392,Evento_392
393,Evento_393
394,Evento_394
395,Evento_395
396,Evento_396
397,Evento_397
398,Evento_398
399,Evento_399
400,Evento_400
401,Evento_401
402,Evento_402
403,Evento_403
404,Evento_404
405,Evento_405
406,Evento_406
407,Evento_407
408,Evento_408
409,Evento_409
410,Evento_410
411,Evento_411
412,Evento_412
413,Evento_413
414,Evento_414
415,Evento_415
416,Evento_416
417,Evento_417
418,Evento_418
419,Evento_419
420,Evento_420
421,Evento_421
422,Evento_422
423,Evento_423
424,Evento_424
425,Evento_425
426,Evento_426
427,Evento_427
428,Evento_428
429,Evento_429
430,Evento_430
431,Evento_431
432,Evento_432
433,Evento_433
434,Evento_434
435,Evento_435
436,Evento_436
437,Evento_437
438,Evento_438
439,Evento_439
440,Evento_440
441,Evento_441
442,Evento_442
443,Evento_443
444,Evento_444
445,Evento_445
446,Evento_446
447,Evento_447
448,Evento_448
449,Evento_449
450,Evento_450
451,Evento_451
452,Evento_452
453,Evento_453
454,Evento_454
455,Evento_455
456,Evento_456
457,Evento_457
458,Evento_458
459,Evento_459
460,Evento_460
461,Evento_461
462,Evento_462
463,Evento_463
464,Evento_464
465,Evento_465
466,Evento_466
467,Evento_467
468,Evento_468
469,Evento_469
470,Evento_470
471,Evento_471
472,Evento_472
473,Evento_473
474,Evento_474
475,Evento_475
476,Evento_476
477,Evento_477
478,Evento_478
479,Evento_479
480,Evento_480
481,Evento_481
482,Evento_482
483,Evento_483
484,Evento_484
485,Evento_485
486,Evento_486
487,Evento_487
488,Evento_488
489,Evento_489
490,Evento_490
491,Evento_491
492,Evento_492
493,Evento_493
494,Evento_494
495,Evento_495
496,Evento_496
497,Evento_497
498,Evento_498
499,Evento_499
