NOC,Atletas
United States,592
Australia,459
Germany,428
Japan,404
Italy,402
China,388
Spain,383
Great Britain,327
Canada,315
Brazil,277
Netherlands,273
Poland,210
New Zealand,195
Hungary,170
Belgium,165
Egypt,148
South Africa,142
South Korea,141
Ukraine,139
Argentina,136
Ireland,134
Switzerland,128
Denmark,123
Sweden,115
Serbia,113
Czech Republic,111
India,110
Norway,107
Mexico,107
Romania,106
Turkey,101
Greece,100
Slovenia,90
Israel,88
Nigeria,88
Colombia,87
Uzbekistan,85
Kazakhstan,79
Austria,78
Croatia,73
Portugal,73
Kenya,72
Cuba,61
Chinese Taipei,60
Morocco,60
Dominican Republic,58
Jamaica,58
Finland,56
Lithuania,51
Puerto Rico,51
Thailand,51
Chile,48
Azerbaijan,48
Athletics,48
Bulgaria,46
Algeria,45
Iran,40
Ecuador,40
Refugee Olympic Team,37
Hong Kong,36
Swimming,35
Fiji,34
Ethiopia,34
Venezuela,33
Individual Neutral Athletes,32
Mongolia,32
Indonesia,29
Latvia,29
Paraguay,28
Slovakia,28
Georgia,28
Zambia,27
Tunisia,27
Moldova,26
Peru,26
Malaysia,26
Uruguay,25
Guinea,24
Angola,24
Estonia,24
Samoa,24
Uganda,24
Mali,23
Singapore,23
Iraq,22
Philippines,22
Montenegro,19
Bahamas,18
Trinidad and Tobago,18
Kyrgyzstan,16
Vietnam,16
North Korea,16
Guatemala,16
Cyprus,16
Shooting,15
Judo,15
Armenia,15
Bahrain,14
Tajikistan,14
South Sudan,14
Rowing,14
Artistic,14
Luxembourg,13
Mauritius,13
Boxing,13
United Arab Emirates,13
Qatar,13
Botswana,12
Freestyle,12
Jordan,12
Track,12
Fencing,12
Ivory Coast,12
Eritrea,11
Senegal,11
Sprint,10
Weightlifting,10
Sailing,10
Lebanon,10
Saudi Arabia,9
Kosovo,9
Kuwait,9
El Salvador,8
Burkina Faso,8
Bermuda,8
Rwanda,8
Palestine,8
Panama,8
Guam,8
Diving,8
Albania,8
Taekwondo,8
Ghana,7
The Gambia,7
Cape Verde,7
Burundi,7
Tanzania,7
Zimbabwe,7
Papua New Guinea,7
North Macedonia,7
Liberia,7
Nicaragua,7
Madagascar,7
Mozambique,7
Nepal,7
Niger,7
Pakistan,7
Haiti,7
Djibouti,7
Vanuatu,6
Monaco,6
Libya,6
Syria,6
Turkmenistan,6
Guinea-Bissau,6
Sri Lanka,6
Democratic Republic of the Congo,6
Costa Rica,6
Afghanistan,6
Greco-Roman,6
Slalom,6
Aruba,6
Grenada,6
Cameroon,6
Suriname,5
Virgin Islands,5
Togo,5
San Marino,5
Maldives,5
Archery,5
Table tennis,5
Tennis,5
Guyana,5
Benin,5
Bosnia and Herzegovina,5
Bangladesh,5
Gabon,5
Badminton,5
Iceland,5
Malta,5
Antigua and Barbuda,5
British Virgin Islands,4
Cayman Islands,4
Bolivia,4
Barbados,4
Skateboarding,4
Sport climbing,4
Timor-Leste,4
Sudan,4
Comoros,4
Dominica,4
Central African Republic,4
Road,4
Sierra Leone,4
Tonga,4
Republic of the Congo,4
Yemen,4
Marshall Islands,4
Namibia,4
Honduras,4
Laos,4
Oman,4
Saint Lucia,4
Saint Vincent and the Grenadines,4
Triathlon,3
Kiribati,3
Saint Kitts and Nevis,3
Seychelles,3
Federated States of Micronesia,3
Malawi,3
Lesotho,3
Palau,3
São Tomé and Príncipe,3
Cambodia,3
Equatorial Guinea,3
Eswatini,3
Chad,3
Brunei,3
Bhutan,3
Volleyball,2
Trampoline,2
Cook Islands,2
Golf,2
Football,2
Jumping,2
Field hockey,2
Dressage,2
Eventing,2
BMX freestyle,2
Mountain biking,2
BMX racing,2
Artistic swimming,2
Marathon swimming,2
Water polo,2
Basketball,2
Breaking,2
Beach volleyball,2
Rhythmic,2
Surfing,2
Rugby sevens,2
Modern pentathlon,2
Handball,2
Andorra,2
American Samoa,2
Tuvalu,2
Solomon Islands,2
Mauritania,2
Myanmar,2
Belize,1
Liechtenstein,1
Nauru,1
Somalia,1
